frequencyDays,Index: 5,Index: 10,Index: 20,Index: 50,Index: 100
364,1.2,0.7999999999999999,1.0000000000000002,0.8400000000000004,0.7200000000000004
