frequencyDays,Index: 5,Index: 10,Index: 20,Index: 50,Index: 100
364,0.5655442573665874,0.5905047600028563,0.6341170553887617,0.6529319459473099,0.6646937076776471
