frequencyDays,Index: 5,Index: 10,Index: 20,Index: 50,Index: 100
364,0.7507002382893213,0.6520688053626932,0.7935770014252516,0.7642167489782046,0.7371295209014056
